Időpont;Név;Irányítószám;Életkor;E-mail cím;TAJ szám
Gustavus Wassung;2900;96;gwassunge@yolasite.com;123456922
Albert Chasier;2900;86;dchasier0@comcast.net;123456788
Beckie Stanlake;2900;86;sstanlake1@etsy.com;123456795
Trever Spennock;2900;76;tspennock3@yellowbook.com;123456812
Kristofor Brigginshaw;2900;75;kbrigginshaw2@patch.com;123456805
Jammie Seivertsen;2900;71;jseivertsenb@ox.ac.uk;123456898
Angie O' Mara;2900;59;ao7@infoseek.co.jp;123456850
Jasun Tennick;2900;55;jtennickc@merriam-webster.com;123456908
Fawn Monkeman;2900;46;fmonkemanh@unblog.fr;123456953
Scarface Shermore;2900;42;sshermore8@businessinsider.com;123456867
Harlie Samwyse;2900;37;hsamwyse6@bloomberg.com;123456843
Beckie Middleweek;2900;32;bmiddleweek4@opensource.org;123456829
Joanne Rikel;2900;32;jrikeld@google.co.uk;123456915
Eustacia Foux;2900;30;efouxa@harvard.edu;123456881
Valerie Pummell;2900;27;vpummell9@army.mil;123456874
Harlene Farncombe;2900;24;hfarncombej@netscape.com;123456977
