Daryl Chasier;7522;86;dchasier0@comcast.net;123456788
Sunny Stanlake;5475;86;sstanlake1@etsy.com;123456795
Kristofor Brigginshaw;5515;75;kbrigginshaw2@patch.com;123456805
Trever Spennock;7521;76;tspennock3@yellowbook.com;123456812
Beckie Middleweek;6097;32;bmiddleweek4@opensource.org;123456829
Orly McKeran;7525;39;omckeran5@fotki.com;123456836
Harlie Samwyse;6034;37;hsamwyse6@bloomberg.com;123456843
Angie O' Mara;2022;59;ao7@infoseek.co.jp;123456850
Scarface Shermore;6080;42;sshermore8@businessinsider.com;123456867
Valerie Pummell;2015;27;vpummell9@army.mil;123456874
Eustacia Foux;6088;30;efouxa@harvard.edu;123456881
Jammie Seivertsen;6113;71;jseivertsenb@ox.ac.uk;123456898
Jasun Tennick;3333;55;jtennickc@merriam-webster.com;123456908
Joanne Rikel;2009;32;jrikeld@google.co.uk;123456915
Gustavus Wassung;3325;96;gwassunge@yolasite.com;123456922
Kirsteni Antuoni;6043;12;kantuonif@mozilla.com;123456939
Karry Kropach;9982;44;kkropachg@istockphoto.com;123456946
Fawn Monkeman;2014;46;fmonkemanh@unblog.fr;123456953
Haywood Swait;6065;24;hswaiti@constantcontact.com;123456960
Harlene Farncombe;9985;24;hfarncombej@netscape.com;123456977